"filename","url","tags","assetType","format","moderationStatus","publicId","assetId","displayName","deliveryType","createdAt"
"MALLORCA-234-3","https://res.cloudinary.com/dkj6th63j/image/upload/v1774323497/birefnet-general-lite/gap/MALLORCA-234-3.jpg","","image","jpg","","birefnet-general-lite/gap/MALLORCA-234-3","e1ee91ec37b3b126269c8b6be33d2fa7","MALLORCA-234-3","upload","2026-03-24T03:38:17Z"
"PORTER-232-3","https://res.cloudinary.com/dkj6th63j/image/upload/v1774323491/birefnet-general-lite/gap/PORTER-232-3.jpg","","image","jpg","","birefnet-general-lite/gap/PORTER-232-3","8878e1581c68c7f9108f0e789fee7adc","PORTER-232-3","upload","2026-03-24T03:38:11Z"
"SMITH-001-1","https://res.cloudinary.com/dkj6th63j/image/upload/v1774323481/birefnet-general-lite/gap/SMITH-001-1.jpg","","image","jpg","","birefnet-general-lite/gap/SMITH-001-1","3d216f0a4525a17127a3ddbd181219f3","SMITH-001-1","upload","2026-03-24T03:38:01Z"
"MIRAMAR-186-5_1","https://res.cloudinary.com/dkj6th63j/image/upload/v1774323481/birefnet-general-lite/gap/MIRAMAR-186-5_1.jpg","","image","jpg","","birefnet-general-lite/gap/MIRAMAR-186-5_1","f31212fd59ba792f57d2fb6ca0eb7c6a","MIRAMAR-186-5_1","upload","2026-03-24T03:38:01Z"
"MEG-403-3","https://res.cloudinary.com/dkj6th63j/image/upload/v1774323468/birefnet-general-lite/gap/MEG-403-3.jpg","","image","jpg","","birefnet-general-lite/gap/MEG-403-3","703e0c3bc5b9f2cf3b692981cf61fb05","MEG-403-3","upload","2026-03-24T03:37:48Z"
"MEG-403-2","https://res.cloudinary.com/dkj6th63j/image/upload/v1774323458/birefnet-general-lite/gap/MEG-403-2.jpg","","image","jpg","","birefnet-general-lite/gap/MEG-403-2","4bcda584b6beda52aee0c4a6aca968c0","MEG-403-2","upload","2026-03-24T03:37:38Z"
"MALLORCA-728-6","https://res.cloudinary.com/dkj6th63j/image/upload/v1774323445/birefnet-general-lite/gap/MALLORCA-728-6.jpg","","image","jpg","","birefnet-general-lite/gap/MALLORCA-728-6","d713945570478191cfbba99fb3935fa5","MALLORCA-728-6","upload","2026-03-24T03:37:25Z"
"MISSION-600-4","https://res.cloudinary.com/dkj6th63j/image/upload/v1774323482/birefnet-general-lite/gap/MISSION-600-4.jpg","","image","jpg","","birefnet-general-lite/gap/MISSION-600-4","25f7dbabb54202c4f54cda820cfc9b5e","MISSION-600-4","upload","2026-03-24T03:38:02Z"
"ARLO-902-2","https://res.cloudinary.com/dkj6th63j/image/upload/v1774323464/birefnet-general-lite/gap/ARLO-902-2.jpg","","image","jpg","","birefnet-general-lite/gap/ARLO-902-2","2f0fbb605c55fbde478adc9853229c42","ARLO-902-2","upload","2026-03-24T03:37:44Z"
"FIORA-232-7","https://res.cloudinary.com/dkj6th63j/image/upload/v1774323410/birefnet-general-lite/gap/FIORA-232-7.jpg","","image","jpg","","birefnet-general-lite/gap/FIORA-232-7","775685131006917249e9d1bf9f71b815","FIORA-232-7","upload","2026-03-24T03:36:50Z"
"ELIANA-145-6","https://res.cloudinary.com/dkj6th63j/image/upload/v1774323401/birefnet-general-lite/gap/ELIANA-145-6.jpg","","image","jpg","","birefnet-general-lite/gap/ELIANA-145-6","342b148ccd1f5c41aba5a73b68070ccb","ELIANA-145-6","upload","2026-03-24T03:36:41Z"
"HANNAH-712-2","https://res.cloudinary.com/dkj6th63j/image/upload/v1774323496/birefnet-general-lite/gap/HANNAH-712-2.jpg","","image","jpg","","birefnet-general-lite/gap/HANNAH-712-2","b3c14955548f4ef6ce07e8c566b07205","HANNAH-712-2","upload","2026-03-24T03:38:16Z"
"HARVEY-712-1","https://res.cloudinary.com/dkj6th63j/image/upload/v1774323492/birefnet-general-lite/gap/HARVEY-712-1.jpg","","image","jpg","","birefnet-general-lite/gap/HARVEY-712-1","d232cdc844bfc0d0ca777e4fe5d467ab","HARVEY-712-1","upload","2026-03-24T03:38:12Z"
"MARGO-123-1","https://res.cloudinary.com/dkj6th63j/image/upload/v1774323484/birefnet-general-lite/gap/MARGO-123-1.jpg","","image","jpg","","birefnet-general-lite/gap/MARGO-123-1","6c49436ce20fc6a50a5fccd0f22bed29","MARGO-123-1","upload","2026-03-24T03:38:04Z"
"SUNNIE-234-1","https://res.cloudinary.com/dkj6th63j/image/upload/v1774323479/birefnet-general-lite/gap/SUNNIE-234-1.jpg","","image","jpg","","birefnet-general-lite/gap/SUNNIE-234-1","57fbf559d323a0afe625fdde16f3b564","SUNNIE-234-1","upload","2026-03-24T03:37:59Z"
"MISSION-929-1","https://res.cloudinary.com/dkj6th63j/image/upload/v1774323475/birefnet-general-lite/gap/MISSION-929-1.jpg","","image","jpg","","birefnet-general-lite/gap/MISSION-929-1","98ad50089d61a9800b14eeb56cbb5e7b","MISSION-929-1","upload","2026-03-24T03:37:55Z"
"ARDEN-518-5","https://res.cloudinary.com/dkj6th63j/image/upload/v1774323471/birefnet-general-lite/gap/ARDEN-518-5.jpg","","image","jpg","","birefnet-general-lite/gap/ARDEN-518-5","4575ad7311df313645e7c01b1d97ecbb","ARDEN-518-5","upload","2026-03-24T03:37:51Z"
"FIORA-232-2","https://res.cloudinary.com/dkj6th63j/image/upload/v1774323466/birefnet-general-lite/gap/FIORA-232-2.jpg","","image","jpg","","birefnet-general-lite/gap/FIORA-232-2","e0d5180c228e7e44f5d5df4fc1520f18","FIORA-232-2","upload","2026-03-24T03:37:46Z"
"MIRAGE-902-2","https://res.cloudinary.com/dkj6th63j/image/upload/v1774323416/birefnet-general-lite/gap/MIRAGE-902-2.jpg","","image","jpg","","birefnet-general-lite/gap/MIRAGE-902-2","f6d7ae74f665e1237bf53125d9e46460","MIRAGE-902-2","upload","2026-03-24T03:36:56Z"
"ELIANA-145-7","https://res.cloudinary.com/dkj6th63j/image/upload/v1774323414/birefnet-general-lite/gap/ELIANA-145-7.jpg","","image","jpg","","birefnet-general-lite/gap/ELIANA-145-7","f8807c285f27852c4f8ba95c9a27726e","ELIANA-145-7","upload","2026-03-24T03:36:54Z"
"MALLORCA-728-1","https://res.cloudinary.com/dkj6th63j/image/upload/v1774323409/birefnet-general-lite/gap/MALLORCA-728-1.jpg","","image","jpg","","birefnet-general-lite/gap/MALLORCA-728-1","9edbbc63c2a85733f09b3b21d72674b5","MALLORCA-728-1","upload","2026-03-24T03:36:49Z"
"KERRY-604-7","https://res.cloudinary.com/dkj6th63j/image/upload/v1774323498/birefnet-general-lite/gap/KERRY-604-7.jpg","","image","jpg","","birefnet-general-lite/gap/KERRY-604-7","e57ef2bc07f33ac901d2ac6494237084","KERRY-604-7","upload","2026-03-24T03:38:18Z"
"PORTER-015-5","https://res.cloudinary.com/dkj6th63j/image/upload/v1774323492/birefnet-general-lite/gap/PORTER-015-5.jpg","","image","jpg","","birefnet-general-lite/gap/PORTER-015-5","6ebdbfe47b87524166ce9783f55422a1","PORTER-015-5","upload","2026-03-24T03:38:12Z"
"ELIANA-001-4","https://res.cloudinary.com/dkj6th63j/image/upload/v1774323490/birefnet-general-lite/gap/ELIANA-001-4.jpg","","image","jpg","","birefnet-general-lite/gap/ELIANA-001-4","e6ef2c3be2f18f601126858913b6497b","ELIANA-001-4","upload","2026-03-24T03:38:10Z"
"MIRAMAR-186-4_1","https://res.cloudinary.com/dkj6th63j/image/upload/v1774323487/birefnet-general-lite/gap/MIRAMAR-186-4_1.jpg","","image","jpg","","birefnet-general-lite/gap/MIRAMAR-186-4_1","3edf5f40a2375a651244be41db728c37","MIRAMAR-186-4_1","upload","2026-03-24T03:38:07Z"
"HANNAH-189-3","https://res.cloudinary.com/dkj6th63j/image/upload/v1774323478/birefnet-general-lite/gap/HANNAH-189-3.jpg","","image","jpg","","birefnet-general-lite/gap/HANNAH-189-3","dddfa5687d8331dfbe7f349c4daad334","HANNAH-189-3","upload","2026-03-24T03:37:58Z"
"SMITH-790-6","https://res.cloudinary.com/dkj6th63j/image/upload/v1774323474/birefnet-general-lite/gap/SMITH-790-6.jpg","","image","jpg","","birefnet-general-lite/gap/SMITH-790-6","97635c49be3028b9d570cf83fe0a452e","SMITH-790-6","upload","2026-03-24T03:37:54Z"
"ELVIE-015-5","https://res.cloudinary.com/dkj6th63j/image/upload/v1774323466/birefnet-general-lite/gap/ELVIE-015-5.jpg","","image","jpg","","birefnet-general-lite/gap/ELVIE-015-5","54c4c3bb20539beb4f0626f98a5aa143","ELVIE-015-5","upload","2026-03-24T03:37:46Z"
"FERNANDO-232-7","https://res.cloudinary.com/dkj6th63j/image/upload/v1774323441/birefnet-general-lite/gap/FERNANDO-232-7.jpg","","image","jpg","","birefnet-general-lite/gap/FERNANDO-232-7","2afc98caedd96ae6de2e148d7ae05fa5","FERNANDO-232-7","upload","2026-03-24T03:37:21Z"
"MARGO-203-2","https://res.cloudinary.com/dkj6th63j/image/upload/v1774323428/birefnet-general-lite/gap/MARGO-203-2.jpg","","image","jpg","","birefnet-general-lite/gap/MARGO-203-2","3111b45c6589f80bfe5470911dc3c041","MARGO-203-2","upload","2026-03-24T03:37:08Z"
"ARDEN-234-6","https://res.cloudinary.com/dkj6th63j/image/upload/v1774323400/birefnet-general-lite/gap/ARDEN-234-6.jpg","","image","jpg","","birefnet-general-lite/gap/ARDEN-234-6","37d4911764d562da7c4e329f3e54a975","ARDEN-234-6","upload","2026-03-24T03:36:40Z"
"MARTA-159-4","https://res.cloudinary.com/dkj6th63j/image/upload/v1774323494/birefnet-general-lite/gap/MARTA-159-4.jpg","","image","jpg","","birefnet-general-lite/gap/MARTA-159-4","03184114e6d091a36f9509340b90d400","MARTA-159-4","upload","2026-03-24T03:38:14Z"
"MEG-271-7","https://res.cloudinary.com/dkj6th63j/image/upload/v1774323489/birefnet-general-lite/gap/MEG-271-7.jpg","","image","jpg","","birefnet-general-lite/gap/MEG-271-7","38f25b3c2e5034c951d8195b9dc603dd","MEG-271-7","upload","2026-03-24T03:38:09Z"
"ELIANA-001-2","https://res.cloudinary.com/dkj6th63j/image/upload/v1774323479/birefnet-general-lite/gap/ELIANA-001-2.jpg","","image","jpg","","birefnet-general-lite/gap/ELIANA-001-2","e67b1ea30b41cc3d9ba1746b59bdd78e","ELIANA-001-2","upload","2026-03-24T03:37:59Z"
"ELIANA-145-2","https://res.cloudinary.com/dkj6th63j/image/upload/v1774323467/birefnet-general-lite/gap/ELIANA-145-2.jpg","","image","jpg","","birefnet-general-lite/gap/ELIANA-145-2","e054377dfea757d6e1924332fcb37918","ELIANA-145-2","upload","2026-03-24T03:37:47Z"
"MARTA-625-6","https://res.cloudinary.com/dkj6th63j/image/upload/v1774323466/birefnet-general-lite/gap/MARTA-625-6.jpg","","image","jpg","","birefnet-general-lite/gap/MARTA-625-6","fcf7539a1ecfd5e834e4b6ee7112044e","MARTA-625-6","upload","2026-03-24T03:37:46Z"
"KIRA-124-1","https://res.cloudinary.com/dkj6th63j/image/upload/v1774323457/birefnet-general-lite/gap/KIRA-124-1.jpg","","image","jpg","","birefnet-general-lite/gap/KIRA-124-1","11636d79eff4d0bce46a0183153c8c2a","KIRA-124-1","upload","2026-03-24T03:37:37Z"
"MEG-403-4","https://res.cloudinary.com/dkj6th63j/image/upload/v1774323421/birefnet-general-lite/gap/MEG-403-4.jpg","","image","jpg","","birefnet-general-lite/gap/MEG-403-4","128bc02f028a3d029df77e4920e0671c","MEG-403-4","upload","2026-03-24T03:37:01Z"
"MIRAGE-902-11","https://res.cloudinary.com/dkj6th63j/image/upload/v1774323416/birefnet-general-lite/gap/MIRAGE-902-11.jpg","","image","jpg","","birefnet-general-lite/gap/MIRAGE-902-11","c558cab205eebcd9090c870feeb2761e","MIRAGE-902-11","upload","2026-03-24T03:36:56Z"
"DAYNA-015-2","https://res.cloudinary.com/dkj6th63j/image/upload/v1774323403/birefnet-general-lite/gap/DAYNA-015-2.jpg","","image","jpg","","birefnet-general-lite/gap/DAYNA-015-2","578221257cf929942211509c37f8a617","DAYNA-015-2","upload","2026-03-24T03:36:43Z"
"MEG-403-7","https://res.cloudinary.com/dkj6th63j/image/upload/v1774323403/birefnet-general-lite/gap/MEG-403-7.jpg","","image","jpg","","birefnet-general-lite/gap/MEG-403-7","3e3dea44002d137f065867eaa0b79b1e","MEG-403-7","upload","2026-03-24T03:36:43Z"
"FIORA-232-6","https://res.cloudinary.com/dkj6th63j/image/upload/v1774323402/birefnet-general-lite/gap/FIORA-232-6.jpg","","image","jpg","","birefnet-general-lite/gap/FIORA-232-6","ae5a83debbacc3bee0a8e7e587695133","FIORA-232-6","upload","2026-03-24T03:36:42Z"
"FERNANDO-319-3","https://res.cloudinary.com/dkj6th63j/image/upload/v1774323498/birefnet-general-lite/gap/FERNANDO-319-3.jpg","","image","jpg","","birefnet-general-lite/gap/FERNANDO-319-3","98271f9ae017fcbbfb8ce68c15407fd0","FERNANDO-319-3","upload","2026-03-24T03:38:18Z"
"MISSION-600-6","https://res.cloudinary.com/dkj6th63j/image/upload/v1774323492/birefnet-general-lite/gap/MISSION-600-6.jpg","","image","jpg","","birefnet-general-lite/gap/MISSION-600-6","a2e2bdedd27c1705a53fa9effe0286b6","MISSION-600-6","upload","2026-03-24T03:38:12Z"
"PORTER-234-5","https://res.cloudinary.com/dkj6th63j/image/upload/v1774323490/birefnet-general-lite/gap/PORTER-234-5.jpg","","image","jpg","","birefnet-general-lite/gap/PORTER-234-5","d81d5ce751351e591834e04c48b4b92a","PORTER-234-5","upload","2026-03-24T03:38:10Z"
"KIRA-001-6","https://res.cloudinary.com/dkj6th63j/image/upload/v1774323489/birefnet-general-lite/gap/KIRA-001-6.jpg","","image","jpg","","birefnet-general-lite/gap/KIRA-001-6","ec45bbcaa5f1db47348fd1e7cab1a051","KIRA-001-6","upload","2026-03-24T03:38:09Z"
"MARGO-669-6","https://res.cloudinary.com/dkj6th63j/image/upload/v1774323486/birefnet-general-lite/gap/MARGO-669-6.jpg","","image","jpg","","birefnet-general-lite/gap/MARGO-669-6","893688b70dba76cc838244a8aec61f8a","MARGO-669-6","upload","2026-03-24T03:38:06Z"
"DAYNA-015-6","https://res.cloudinary.com/dkj6th63j/image/upload/v1774323464/birefnet-general-lite/gap/DAYNA-015-6.jpg","","image","jpg","","birefnet-general-lite/gap/DAYNA-015-6","71c59f6d98897b40a35f6fa5d022789b","DAYNA-015-6","upload","2026-03-24T03:37:44Z"
"ARDEN-234-3","https://res.cloudinary.com/dkj6th63j/image/upload/v1774323459/birefnet-general-lite/gap/ARDEN-234-3.jpg","","image","jpg","","birefnet-general-lite/gap/ARDEN-234-3","4274f2dacfe6b4c28a321ef507d98dd8","ARDEN-234-3","upload","2026-03-24T03:37:39Z"
"FERNANDO-232-6","https://res.cloudinary.com/dkj6th63j/image/upload/v1774323446/birefnet-general-lite/gap/FERNANDO-232-6.jpg","","image","jpg","","birefnet-general-lite/gap/FERNANDO-232-6","468878808b4144914f86696bf2425236","FERNANDO-232-6","upload","2026-03-24T03:37:26Z"
"ELVIE-015-7","https://res.cloudinary.com/dkj6th63j/image/upload/v1774323445/birefnet-general-lite/gap/ELVIE-015-7.jpg","","image","jpg","","birefnet-general-lite/gap/ELVIE-015-7","5cb73638e17fae16017ceeb16c97b852","ELVIE-015-7","upload","2026-03-24T03:37:25Z"
"FERNANDO-232-2","https://res.cloudinary.com/dkj6th63j/image/upload/v1774323424/birefnet-general-lite/gap/FERNANDO-232-2.jpg","","image","jpg","","birefnet-general-lite/gap/FERNANDO-232-2","5775f5a4b77c840c0920feea33efea7d","FERNANDO-232-2","upload","2026-03-24T03:37:04Z"
"MARTA-625-2","https://res.cloudinary.com/dkj6th63j/image/upload/v1774323400/birefnet-general-lite/gap/MARTA-625-2.jpg","","image","jpg","","birefnet-general-lite/gap/MARTA-625-2","78d7f0cfbf562cf2ef1f474df64fb09b","MARTA-625-2","upload","2026-03-24T03:36:40Z"
"MIRAGE-604-3","https://res.cloudinary.com/dkj6th63j/image/upload/v1774323493/birefnet-general-lite/gap/MIRAGE-604-3.jpg","","image","jpg","","birefnet-general-lite/gap/MIRAGE-604-3","35b5275a85c5583ae8e8c5d16c12150d","MIRAGE-604-3","upload","2026-03-24T03:38:13Z"
"PERCY-903-7","https://res.cloudinary.com/dkj6th63j/image/upload/v1774323492/birefnet-general-lite/gap/PERCY-903-7.jpg","","image","jpg","","birefnet-general-lite/gap/PERCY-903-7","9278a8f75672515939c82b73b8ead218","PERCY-903-7","upload","2026-03-24T03:38:12Z"
"MARGO-123-3","https://res.cloudinary.com/dkj6th63j/image/upload/v1774323489/birefnet-general-lite/gap/MARGO-123-3.jpg","","image","jpg","","birefnet-general-lite/gap/MARGO-123-3","1a2687fac5a255dbaef8c110c0bb790f","MARGO-123-3","upload","2026-03-24T03:38:09Z"
"PERCY-903-4","https://res.cloudinary.com/dkj6th63j/image/upload/v1774323486/birefnet-general-lite/gap/PERCY-903-4.jpg","","image","jpg","","birefnet-general-lite/gap/PERCY-903-4","136ee03bd1c0c856e86051d58da8d404","PERCY-903-4","upload","2026-03-24T03:38:06Z"
"PORTER-232-4","https://res.cloudinary.com/dkj6th63j/image/upload/v1774323476/birefnet-general-lite/gap/PORTER-232-4.jpg","","image","jpg","","birefnet-general-lite/gap/PORTER-232-4","9dbdce07234f1e73215eb79230f80961","PORTER-232-4","upload","2026-03-24T03:37:56Z"
"PORTER-234-1","https://res.cloudinary.com/dkj6th63j/image/upload/v1774323471/birefnet-general-lite/gap/PORTER-234-1.jpg","","image","jpg","","birefnet-general-lite/gap/PORTER-234-1","31cc8b6ab464dd3a1bc0843230b72735","PORTER-234-1","upload","2026-03-24T03:37:51Z"
"HANNAH-929-1","https://res.cloudinary.com/dkj6th63j/image/upload/v1774323454/birefnet-general-lite/gap/HANNAH-929-1.jpg","","image","jpg","","birefnet-general-lite/gap/HANNAH-929-1","798ad994ad291d72eb9009c18b558b12","HANNAH-929-1","upload","2026-03-24T03:37:34Z"
"ELVIE-015-6","https://res.cloudinary.com/dkj6th63j/image/upload/v1774323447/birefnet-general-lite/gap/ELVIE-015-6.jpg","","image","jpg","","birefnet-general-lite/gap/ELVIE-015-6","4eba34adf16a5649772f12223840ff59","ELVIE-015-6","upload","2026-03-24T03:37:27Z"
"MIRAGE-902-13","https://res.cloudinary.com/dkj6th63j/image/upload/v1774323419/birefnet-general-lite/gap/MIRAGE-902-13.jpg","","image","jpg","","birefnet-general-lite/gap/MIRAGE-902-13","88c7099876fa3cfb5547c45985be1100","MIRAGE-902-13","upload","2026-03-24T03:36:59Z"
"ARDEN-015-5","https://res.cloudinary.com/dkj6th63j/image/upload/v1774323415/birefnet-general-lite/gap/ARDEN-015-5.jpg","","image","jpg","","birefnet-general-lite/gap/ARDEN-015-5","00481db60ae2a2ba05e8575909017c0e","ARDEN-015-5","upload","2026-03-24T03:36:55Z"
"ARLO-902-6","https://res.cloudinary.com/dkj6th63j/image/upload/v1774323403/birefnet-general-lite/gap/ARLO-902-6.jpg","","image","jpg","","birefnet-general-lite/gap/ARLO-902-6","97ce865bf4c75dcee7fe4f9d24a12a2f","ARLO-902-6","upload","2026-03-24T03:36:43Z"
"MARTA-159-5","https://res.cloudinary.com/dkj6th63j/image/upload/v1774323496/birefnet-general-lite/gap/MARTA-159-5.jpg","","image","jpg","","birefnet-general-lite/gap/MARTA-159-5","c7a969316ae777ded39e2390fde67a50","MARTA-159-5","upload","2026-03-24T03:38:16Z"
"HANNAH-712-3","https://res.cloudinary.com/dkj6th63j/image/upload/v1774323494/birefnet-general-lite/gap/HANNAH-712-3.jpg","","image","jpg","","birefnet-general-lite/gap/HANNAH-712-3","6dacaa3c7b1fcd33bdedf8c87156b479","HANNAH-712-3","upload","2026-03-24T03:38:14Z"
"MALLORCA-234-2","https://res.cloudinary.com/dkj6th63j/image/upload/v1774323493/birefnet-general-lite/gap/MALLORCA-234-2.jpg","","image","jpg","","birefnet-general-lite/gap/MALLORCA-234-2","b385392338b4e14606dc795634cdd7ae","MALLORCA-234-2","upload","2026-03-24T03:38:13Z"
"PORTER-015-4","https://res.cloudinary.com/dkj6th63j/image/upload/v1774323487/birefnet-general-lite/gap/PORTER-015-4.jpg","","image","jpg","","birefnet-general-lite/gap/PORTER-015-4","83ffaa3742c16058d34d30202362b990","PORTER-015-4","upload","2026-03-24T03:38:07Z"
"ARDEN-518-2","https://res.cloudinary.com/dkj6th63j/image/upload/v1774323486/birefnet-general-lite/gap/ARDEN-518-2.jpg","","image","jpg","","birefnet-general-lite/gap/ARDEN-518-2","23f5fb85add4cea50bde5e6292362379","ARDEN-518-2","upload","2026-03-24T03:38:06Z"
"SUNNIE-234-2","https://res.cloudinary.com/dkj6th63j/image/upload/v1774323475/birefnet-general-lite/gap/SUNNIE-234-2.jpg","","image","jpg","","birefnet-general-lite/gap/SUNNIE-234-2","d2457829f88de8e7aef341c30dbdb000","SUNNIE-234-2","upload","2026-03-24T03:37:55Z"
"ARDEN-015-2","https://res.cloudinary.com/dkj6th63j/image/upload/v1774323469/birefnet-general-lite/gap/ARDEN-015-2.jpg","","image","jpg","","birefnet-general-lite/gap/ARDEN-015-2","ca2aabcd174f0a2dfc1ddcef140db578","ARDEN-015-2","upload","2026-03-24T03:37:49Z"
"FIORA-232-1","https://res.cloudinary.com/dkj6th63j/image/upload/v1774323447/birefnet-general-lite/gap/FIORA-232-1.jpg","","image","jpg","","birefnet-general-lite/gap/FIORA-232-1","58ff126ad902342516029a66aff323ed","FIORA-232-1","upload","2026-03-24T03:37:27Z"
"MARTA-625-4","https://res.cloudinary.com/dkj6th63j/image/upload/v1774323441/birefnet-general-lite/gap/MARTA-625-4.jpg","","image","jpg","","birefnet-general-lite/gap/MARTA-625-4","cb8a3160211eb7384adbb84eb05227ed","MARTA-625-4","upload","2026-03-24T03:37:21Z"
"MIRAGE-902-12","https://res.cloudinary.com/dkj6th63j/image/upload/v1774323438/birefnet-general-lite/gap/MIRAGE-902-12.jpg","","image","jpg","","birefnet-general-lite/gap/MIRAGE-902-12","6b9464f012a1715c6b740cde0de47adc","MIRAGE-902-12","upload","2026-03-24T03:37:18Z"
"MARGO-203-3","https://res.cloudinary.com/dkj6th63j/image/upload/v1774323430/birefnet-general-lite/gap/MARGO-203-3.jpg","","image","jpg","","birefnet-general-lite/gap/MARGO-203-3","52c5076bfae5624f73f5e54546f1146a","MARGO-203-3","upload","2026-03-24T03:37:10Z"
"ARLO-902-4","https://res.cloudinary.com/dkj6th63j/image/upload/v1774323428/birefnet-general-lite/gap/ARLO-902-4.jpg","","image","jpg","","birefnet-general-lite/gap/ARLO-902-4","f22f7b96ea581358ecd2062583727235","ARLO-902-4","upload","2026-03-24T03:37:08Z"
"ELVIE-015-1","https://res.cloudinary.com/dkj6th63j/image/upload/v1774323403/birefnet-general-lite/gap/ELVIE-015-1.jpg","","image","jpg","","birefnet-general-lite/gap/ELVIE-015-1","47984092ef268188f25766e3610b9114","ELVIE-015-1","upload","2026-03-24T03:36:43Z"
"MIRAGE-313-1","https://res.cloudinary.com/dkj6th63j/image/upload/v1774323498/birefnet-general-lite/gap/MIRAGE-313-1.jpg","","image","jpg","","birefnet-general-lite/gap/MIRAGE-313-1","8415ceb8097373e3b0de58cb5f31115b","MIRAGE-313-1","upload","2026-03-24T03:38:18Z"
"MIRAGE-604-2","https://res.cloudinary.com/dkj6th63j/image/upload/v1774323497/birefnet-general-lite/gap/MIRAGE-604-2.jpg","","image","jpg","","birefnet-general-lite/gap/MIRAGE-604-2","5163474b5f90eddcb577867e3a27a4bf","MIRAGE-604-2","upload","2026-03-24T03:38:17Z"
"MARGO-669-4","https://res.cloudinary.com/dkj6th63j/image/upload/v1774323488/birefnet-general-lite/gap/MARGO-669-4.jpg","","image","jpg","","birefnet-general-lite/gap/MARGO-669-4","8671b0d9d35998e5cdcea5bd36353656","MARGO-669-4","upload","2026-03-24T03:38:08Z"
"MISSION-929-5","https://res.cloudinary.com/dkj6th63j/image/upload/v1774323488/birefnet-general-lite/gap/MISSION-929-5.jpg","","image","jpg","","birefnet-general-lite/gap/MISSION-929-5","31ffdd9b074dfd42aa70ae1e449eafa0","MISSION-929-5","upload","2026-03-24T03:38:08Z"
"MISSION-600-5","https://res.cloudinary.com/dkj6th63j/image/upload/v1774323487/birefnet-general-lite/gap/MISSION-600-5.jpg","","image","jpg","","birefnet-general-lite/gap/MISSION-600-5","016af21294837a5e3610656e3c5d1d3b","MISSION-600-5","upload","2026-03-24T03:38:07Z"
"ARLO-902-3_1","https://res.cloudinary.com/dkj6th63j/image/upload/v1774323485/birefnet-general-lite/gap/ARLO-902-3_1.jpg","","image","jpg","","birefnet-general-lite/gap/ARLO-902-3_1","2074105d429e5c3efba95f3847a18032","ARLO-902-3_1","upload","2026-03-24T03:38:05Z"
"PORTER-232-1","https://res.cloudinary.com/dkj6th63j/image/upload/v1774323482/birefnet-general-lite/gap/PORTER-232-1.jpg","","image","jpg","","birefnet-general-lite/gap/PORTER-232-1","3542b34fae922d54573c86fbe5a8a8e2","PORTER-232-1","upload","2026-03-24T03:38:02Z"
"ARLO-120-3","https://res.cloudinary.com/dkj6th63j/image/upload/v1774323467/birefnet-general-lite/gap/ARLO-120-3.jpg","","image","jpg","","birefnet-general-lite/gap/ARLO-120-3","a0e1f2b1b2549313759a7d2aac0f2509","ARLO-120-3","upload","2026-03-24T03:37:47Z"
"MIRAMAR-186-7_1","https://res.cloudinary.com/dkj6th63j/image/upload/v1774323464/birefnet-general-lite/gap/MIRAMAR-186-7_1.jpg","","image","jpg","","birefnet-general-lite/gap/MIRAMAR-186-7_1","5911cf851306de874dacc0d78cb849f5","MIRAMAR-186-7_1","upload","2026-03-24T03:37:44Z"
"MIRAGE-902-4","https://res.cloudinary.com/dkj6th63j/image/upload/v1774323452/birefnet-general-lite/gap/MIRAGE-902-4.jpg","","image","jpg","","birefnet-general-lite/gap/MIRAGE-902-4","6695adb38075fa86dc75091e6626dd03","MIRAGE-902-4","upload","2026-03-24T03:37:32Z"
"DAYNA-015-5","https://res.cloudinary.com/dkj6th63j/image/upload/v1774323447/birefnet-general-lite/gap/DAYNA-015-5.jpg","","image","jpg","","birefnet-general-lite/gap/DAYNA-015-5","09d9eb312de7d7b2bcc2ebaed3f66bd9","DAYNA-015-5","upload","2026-03-24T03:37:27Z"
"DAYNA-015-1","https://res.cloudinary.com/dkj6th63j/image/upload/v1774323427/birefnet-general-lite/gap/DAYNA-015-1.jpg","","image","jpg","","birefnet-general-lite/gap/DAYNA-015-1","a5d7b26add432c30198ed4dbf577fdf9","DAYNA-015-1","upload","2026-03-24T03:37:07Z"
"KIRA-124-7","https://res.cloudinary.com/dkj6th63j/image/upload/v1774323424/birefnet-general-lite/gap/KIRA-124-7.jpg","","image","jpg","","birefnet-general-lite/gap/KIRA-124-7","60bcda3488d01340dde188edb2d096e8","KIRA-124-7","upload","2026-03-24T03:37:04Z"
"ARLO-902-5","https://res.cloudinary.com/dkj6th63j/image/upload/v1774323424/birefnet-general-lite/gap/ARLO-902-5.jpg","","image","jpg","","birefnet-general-lite/gap/ARLO-902-5","43a7c0b2a73bb88d483f67befa557ab0","ARLO-902-5","upload","2026-03-24T03:37:04Z"
"ARLO-120-6","https://res.cloudinary.com/dkj6th63j/image/upload/v1774323410/birefnet-general-lite/gap/ARLO-120-6.jpg","","image","jpg","","birefnet-general-lite/gap/ARLO-120-6","edcc1ebf48b7496ede53f4dc635d6dc0","ARLO-120-6","upload","2026-03-24T03:36:50Z"
"MEG-240-6","https://res.cloudinary.com/dkj6th63j/image/upload/v1774323494/birefnet-general-lite/gap/MEG-240-6.jpg","","image","jpg","","birefnet-general-lite/gap/MEG-240-6","88b837020d4fb81e5b9708c137e1d46b","MEG-240-6","upload","2026-03-24T03:38:14Z"
"MARGO-888-6","https://res.cloudinary.com/dkj6th63j/image/upload/v1774323493/birefnet-general-lite/gap/MARGO-888-6.jpg","","image","jpg","","birefnet-general-lite/gap/MARGO-888-6","ff9c02759672ac9163037aa66a4449f1","MARGO-888-6","upload","2026-03-24T03:38:13Z"
"ARDEN-518-7","https://res.cloudinary.com/dkj6th63j/image/upload/v1774323480/birefnet-general-lite/gap/ARDEN-518-7.jpg","","image","jpg","","birefnet-general-lite/gap/ARDEN-518-7","e2f1ba1bd90877dd166caf0f39808f4e","ARDEN-518-7","upload","2026-03-24T03:38:00Z"
"KIRA-001-1","https://res.cloudinary.com/dkj6th63j/image/upload/v1774323478/birefnet-general-lite/gap/KIRA-001-1.jpg","","image","jpg","","birefnet-general-lite/gap/KIRA-001-1","b3c06ed988fcfa3e7388493759afe7f0","KIRA-001-1","upload","2026-03-24T03:37:58Z"
"PORTER-232-6","https://res.cloudinary.com/dkj6th63j/image/upload/v1774323475/birefnet-general-lite/gap/PORTER-232-6.jpg","","image","jpg","","birefnet-general-lite/gap/PORTER-232-6","bf431f48b8bb57a54d90ef9bb9b94c6c","PORTER-232-6","upload","2026-03-24T03:37:55Z"
"HANNAH-929-3","https://res.cloudinary.com/dkj6th63j/image/upload/v1774323448/birefnet-general-lite/gap/HANNAH-929-3.jpg","","image","jpg","","birefnet-general-lite/gap/HANNAH-929-3","789c557458f4ef80c5d48ef8a5b28d4c","HANNAH-929-3","upload","2026-03-24T03:37:28Z"
"MEG-403-1","https://res.cloudinary.com/dkj6th63j/image/upload/v1774323444/birefnet-general-lite/gap/MEG-403-1.jpg","","image","jpg","","birefnet-general-lite/gap/MEG-403-1","9ada5c60ad675b351154fc533ba811ce","MEG-403-1","upload","2026-03-24T03:37:24Z"
"ARDEN-234-4","https://res.cloudinary.com/dkj6th63j/image/upload/v1774323432/birefnet-general-lite/gap/ARDEN-234-4.jpg","","image","jpg","","birefnet-general-lite/gap/ARDEN-234-4","2ea8591c6a8d62f3fda985327554f154","ARDEN-234-4","upload","2026-03-24T03:37:12Z"
"HANNAH-189-4","https://res.cloudinary.com/dkj6th63j/image/upload/v1774323490/birefnet-general-lite/gap/HANNAH-189-4.jpg","","image","jpg","","birefnet-general-lite/gap/HANNAH-189-4","c02df7511fe01407ecb89bcdfb55be1b","HANNAH-189-4","upload","2026-03-24T03:38:10Z"
"PORTER-015-6","https://res.cloudinary.com/dkj6th63j/image/upload/v1774323486/birefnet-general-lite/gap/PORTER-015-6.jpg","","image","jpg","","birefnet-general-lite/gap/PORTER-015-6","ed6946bdb488fe7f20e43f79c0d3dfd7","PORTER-015-6","upload","2026-03-24T03:38:06Z"
"MEG-271-4","https://res.cloudinary.com/dkj6th63j/image/upload/v1774323483/birefnet-general-lite/gap/MEG-271-4.jpg","","image","jpg","","birefnet-general-lite/gap/MEG-271-4","18d33479f2d272a7b3d9c5c0b07757fb","MEG-271-4","upload","2026-03-24T03:38:03Z"
"ARDEN-518-6","https://res.cloudinary.com/dkj6th63j/image/upload/v1774323477/birefnet-general-lite/gap/ARDEN-518-6.jpg","","image","jpg","","birefnet-general-lite/gap/ARDEN-518-6","338eb139065a9e2e5bcb18112fbe8442","ARDEN-518-6","upload","2026-03-24T03:37:57Z"
"PERCY-903-3","https://res.cloudinary.com/dkj6th63j/image/upload/v1774323475/birefnet-general-lite/gap/PERCY-903-3.jpg","","image","jpg","","birefnet-general-lite/gap/PERCY-903-3","c0865807f6298d527a87cbac02304b7f","PERCY-903-3","upload","2026-03-24T03:37:55Z"
"KERRY-001-6","https://res.cloudinary.com/dkj6th63j/image/upload/v1774323470/birefnet-general-lite/gap/KERRY-001-6.jpg","","image","jpg","","birefnet-general-lite/gap/KERRY-001-6","81be39a8f869f130ee6118d5f353205a","KERRY-001-6","upload","2026-03-24T03:37:50Z"
"ELVIE-015-4","https://res.cloudinary.com/dkj6th63j/image/upload/v1774323461/birefnet-general-lite/gap/ELVIE-015-4.jpg","","image","jpg","","birefnet-general-lite/gap/ELVIE-015-4","66f7f5c8af6619df41b079997200ecf2","ELVIE-015-4","upload","2026-03-24T03:37:41Z"
"ARDEN-234-1","https://res.cloudinary.com/dkj6th63j/image/upload/v1774323455/birefnet-general-lite/gap/ARDEN-234-1.jpg","","image","jpg","","birefnet-general-lite/gap/ARDEN-234-1","cf9369fe591ddbd0db7f0a7db605e827","ARDEN-234-1","upload","2026-03-24T03:37:35Z"
"ARLO-120-5","https://res.cloudinary.com/dkj6th63j/image/upload/v1774323430/birefnet-general-lite/gap/ARLO-120-5.jpg","","image","jpg","","birefnet-general-lite/gap/ARLO-120-5","bea62ea26d33e735e8923e77ab0e2563","ARLO-120-5","upload","2026-03-24T03:37:10Z"
"HANNAH-929-7","https://res.cloudinary.com/dkj6th63j/image/upload/v1774323417/birefnet-general-lite/gap/HANNAH-929-7.jpg","","image","jpg","","birefnet-general-lite/gap/HANNAH-929-7","fac36ec32110d35c9f817589e0cea04e","HANNAH-929-7","upload","2026-03-24T03:36:57Z"
"FERNANDO-232-1","https://res.cloudinary.com/dkj6th63j/image/upload/v1774323406/birefnet-general-lite/gap/FERNANDO-232-1.jpg","","image","jpg","","birefnet-general-lite/gap/FERNANDO-232-1","eb62835d04dd9d404c8c16b0d73bacaf","FERNANDO-232-1","upload","2026-03-24T03:36:46Z"
"KERRY-001-2","https://res.cloudinary.com/dkj6th63j/image/upload/v1774323491/birefnet-general-lite/gap/KERRY-001-2.jpg","","image","jpg","","birefnet-general-lite/gap/KERRY-001-2","be5758898fc7f05f2c7fac0a8b4226ed","KERRY-001-2","upload","2026-03-24T03:38:11Z"
"MEG-271-6","https://res.cloudinary.com/dkj6th63j/image/upload/v1774323490/birefnet-general-lite/gap/MEG-271-6.jpg","","image","jpg","","birefnet-general-lite/gap/MEG-271-6","6035f7d1d9e23ad938035a1f347c5939","MEG-271-6","upload","2026-03-24T03:38:10Z"
"PORTER-234-6","https://res.cloudinary.com/dkj6th63j/image/upload/v1774323485/birefnet-general-lite/gap/PORTER-234-6.jpg","","image","jpg","","birefnet-general-lite/gap/PORTER-234-6","95d5dc7b8f71149ac1875334747018c5","PORTER-234-6","upload","2026-03-24T03:38:05Z"
"SUNNIE-234-4","https://res.cloudinary.com/dkj6th63j/image/upload/v1774323485/birefnet-general-lite/gap/SUNNIE-234-4.jpg","","image","jpg","","birefnet-general-lite/gap/SUNNIE-234-4","625ed7e43b35aeffc380232420c35654","SUNNIE-234-4","upload","2026-03-24T03:38:05Z"
"ELIANA-001-7","https://res.cloudinary.com/dkj6th63j/image/upload/v1774323484/birefnet-general-lite/gap/ELIANA-001-7.jpg","","image","jpg","","birefnet-general-lite/gap/ELIANA-001-7","dc57031f10370e652f60deaeab5cd8c0","ELIANA-001-7","upload","2026-03-24T03:38:04Z"
"KERRY-001-4","https://res.cloudinary.com/dkj6th63j/image/upload/v1774323481/birefnet-general-lite/gap/KERRY-001-4.jpg","","image","jpg","","birefnet-general-lite/gap/KERRY-001-4","953dfa1f403e4e81f55c4f9939bc5b41","KERRY-001-4","upload","2026-03-24T03:38:01Z"
"SUNNIE-234-3","https://res.cloudinary.com/dkj6th63j/image/upload/v1774323472/birefnet-general-lite/gap/SUNNIE-234-3.jpg","","image","jpg","","birefnet-general-lite/gap/SUNNIE-234-3","3cdda68c76d2d3d8d873b2d9dc05fffe","SUNNIE-234-3","upload","2026-03-24T03:37:52Z"
"MARGO-203-4","https://res.cloudinary.com/dkj6th63j/image/upload/v1774323463/birefnet-general-lite/gap/MARGO-203-4.jpg","","image","jpg","","birefnet-general-lite/gap/MARGO-203-4","f3fe55e2f41d9a9ac19980f8dc6324bc","MARGO-203-4","upload","2026-03-24T03:37:43Z"
"ARLO-902-3","https://res.cloudinary.com/dkj6th63j/image/upload/v1774323462/birefnet-general-lite/gap/ARLO-902-3.jpg","","image","jpg","","birefnet-general-lite/gap/ARLO-902-3","6457d34d0135953748b9c61db946775c","ARLO-902-3","upload","2026-03-24T03:37:42Z"
"ARDEN-015-1","https://res.cloudinary.com/dkj6th63j/image/upload/v1774323450/birefnet-general-lite/gap/ARDEN-015-1.jpg","","image","jpg","","birefnet-general-lite/gap/ARDEN-015-1","c3015cd20ac5cc99930d213cdb5d0bad","ARDEN-015-1","upload","2026-03-24T03:37:30Z"
"MIRAGE-902-6","https://res.cloudinary.com/dkj6th63j/image/upload/v1774323449/birefnet-general-lite/gap/MIRAGE-902-6.jpg","","image","jpg","","birefnet-general-lite/gap/MIRAGE-902-6","e1da74d62309da1b6c5e026afd2fe99d","MIRAGE-902-6","upload","2026-03-24T03:37:29Z"
"MISSION-219-3","https://res.cloudinary.com/dkj6th63j/image/upload/v1774323498/birefnet-general-lite/gap/MISSION-219-3.jpg","","image","jpg","","birefnet-general-lite/gap/MISSION-219-3","9004ffe3115e425089e344598068ce88","MISSION-219-3","upload","2026-03-24T03:38:18Z"
"MARGO-888-7","https://res.cloudinary.com/dkj6th63j/image/upload/v1774323497/birefnet-general-lite/gap/MARGO-888-7.jpg","","image","jpg","","birefnet-general-lite/gap/MARGO-888-7","2ae62154c1e6d3e62ce254a0cdc71749","MARGO-888-7","upload","2026-03-24T03:38:17Z"
"MISSION-600-7","https://res.cloudinary.com/dkj6th63j/image/upload/v1774323487/birefnet-general-lite/gap/MISSION-600-7.jpg","","image","jpg","","birefnet-general-lite/gap/MISSION-600-7","5a448274ce60ea9651caccabf4069da8","MISSION-600-7","upload","2026-03-24T03:38:07Z"
"MISSION-929-6","https://res.cloudinary.com/dkj6th63j/image/upload/v1774323482/birefnet-general-lite/gap/MISSION-929-6.jpg","","image","jpg","","birefnet-general-lite/gap/MISSION-929-6","123beeabd07ad7a637c89f1bf9dc90d8","MISSION-929-6","upload","2026-03-24T03:38:02Z"
"SMITH-790-5","https://res.cloudinary.com/dkj6th63j/image/upload/v1774323479/birefnet-general-lite/gap/SMITH-790-5.jpg","","image","jpg","","birefnet-general-lite/gap/SMITH-790-5","33f7696b525d7b2dd51b8935bc52bc2d","SMITH-790-5","upload","2026-03-24T03:37:59Z"
"MEG-271-1","https://res.cloudinary.com/dkj6th63j/image/upload/v1774323478/birefnet-general-lite/gap/MEG-271-1.jpg","","image","jpg","","birefnet-general-lite/gap/MEG-271-1","629bc338d4cd136871efeee559a2858e","MEG-271-1","upload","2026-03-24T03:37:58Z"
"HANNAH-189-1","https://res.cloudinary.com/dkj6th63j/image/upload/v1774323473/birefnet-general-lite/gap/HANNAH-189-1.jpg","","image","jpg","","birefnet-general-lite/gap/HANNAH-189-1","49134731d89e4d40687ca70eea92a080","HANNAH-189-1","upload","2026-03-24T03:37:53Z"
"MARGO-123-6","https://res.cloudinary.com/dkj6th63j/image/upload/v1774323471/birefnet-general-lite/gap/MARGO-123-6.jpg","","image","jpg","","birefnet-general-lite/gap/MARGO-123-6","1bdb0ff43cbfa801dbdf078e7ab997e3","MARGO-123-6","upload","2026-03-24T03:37:51Z"
"MIRAGE-902-5","https://res.cloudinary.com/dkj6th63j/image/upload/v1774323468/birefnet-general-lite/gap/MIRAGE-902-5.jpg","","image","jpg","","birefnet-general-lite/gap/MIRAGE-902-5","0b4e8343714b57cf275b296130b9c0b7","MIRAGE-902-5","upload","2026-03-24T03:37:48Z"
"MARGO-203-6","https://res.cloudinary.com/dkj6th63j/image/upload/v1774323443/birefnet-general-lite/gap/MARGO-203-6.jpg","","image","jpg","","birefnet-general-lite/gap/MARGO-203-6","bca1795f39126146b33a5358ebe35f8c","MARGO-203-6","upload","2026-03-24T03:37:23Z"
"HANNAH-600-4","https://res.cloudinary.com/dkj6th63j/image/upload/v1774323436/birefnet-general-lite/gap/HANNAH-600-4.jpg","","image","jpg","","birefnet-general-lite/gap/HANNAH-600-4","f8648093c10a6c6650a167bfc93e4cc2","HANNAH-600-4","upload","2026-03-24T03:37:16Z"
"ARDEN-234-5","https://res.cloudinary.com/dkj6th63j/image/upload/v1774323425/birefnet-general-lite/gap/ARDEN-234-5.jpg","","image","jpg","","birefnet-general-lite/gap/ARDEN-234-5","bd708e58fa98504d99b3648fa6d436d0","ARDEN-234-5","upload","2026-03-24T03:37:05Z"
"MALLORCA-15-5","https://res.cloudinary.com/dkj6th63j/image/upload/v1774323495/birefnet-general-lite/gap/MALLORCA-15-5.jpg","","image","jpg","","birefnet-general-lite/gap/MALLORCA-15-5","22df425cc43467e7b171e5f763c588b4","MALLORCA-15-5","upload","2026-03-24T03:38:15Z"
"KERRY-604-6","https://res.cloudinary.com/dkj6th63j/image/upload/v1774323492/birefnet-general-lite/gap/KERRY-604-6.jpg","","image","jpg","","birefnet-general-lite/gap/KERRY-604-6","dca0b027d7ac24d2d25fc1ebc0f59d03","KERRY-604-6","upload","2026-03-24T03:38:12Z"
"PERCY-233-3_1","https://res.cloudinary.com/dkj6th63j/image/upload/v1774323491/birefnet-general-lite/gap/PERCY-233-3_1.jpg","","image","jpg","","birefnet-general-lite/gap/PERCY-233-3_1","958ab20c37371db0ea076261915ebf84","PERCY-233-3_1","upload","2026-03-24T03:38:11Z"
"SUNNIE-234-6","https://res.cloudinary.com/dkj6th63j/image/upload/v1774323488/birefnet-general-lite/gap/SUNNIE-234-6.jpg","","image","jpg","","birefnet-general-lite/gap/SUNNIE-234-6","1801af2df7c951b2866443c21677c938","SUNNIE-234-6","upload","2026-03-24T03:38:08Z"
"PORTER-234-4","https://res.cloudinary.com/dkj6th63j/image/upload/v1774323488/birefnet-general-lite/gap/PORTER-234-4.jpg","","image","jpg","","birefnet-general-lite/gap/PORTER-234-4","cad20ce982dfd832101f47cf0ba17a62","PORTER-234-4","upload","2026-03-24T03:38:08Z"
"MEG-271-5","https://res.cloudinary.com/dkj6th63j/image/upload/v1774323485/birefnet-general-lite/gap/MEG-271-5.jpg","","image","jpg","","birefnet-general-lite/gap/MEG-271-5","2ebdafe71871e6e578c39d80a42b359c","MEG-271-5","upload","2026-03-24T03:38:05Z"
"PORTER-234-7","https://res.cloudinary.com/dkj6th63j/image/upload/v1774323483/birefnet-general-lite/gap/PORTER-234-7.jpg","","image","jpg","","birefnet-general-lite/gap/PORTER-234-7","41c110f51b1c89f2293dc2201afade3b","PORTER-234-7","upload","2026-03-24T03:38:03Z"
"MARGO-669-3","https://res.cloudinary.com/dkj6th63j/image/upload/v1774323480/birefnet-general-lite/gap/MARGO-669-3.jpg","","image","jpg","","birefnet-general-lite/gap/MARGO-669-3","7242e57e894668f0af824a5429f1331b","MARGO-669-3","upload","2026-03-24T03:38:00Z"
"MARGO-669-2","https://res.cloudinary.com/dkj6th63j/image/upload/v1774323476/birefnet-general-lite/gap/MARGO-669-2.jpg","","image","jpg","","birefnet-general-lite/gap/MARGO-669-2","9bec211b21fa99d7a513299edb90ea39","MARGO-669-2","upload","2026-03-24T03:37:56Z"
"ELIANA-001-1","https://res.cloudinary.com/dkj6th63j/image/upload/v1774323473/birefnet-general-lite/gap/ELIANA-001-1.jpg","","image","jpg","","birefnet-general-lite/gap/ELIANA-001-1","ebb1b5f81e7ae3ad962f9e68722424b6","ELIANA-001-1","upload","2026-03-24T03:37:53Z"
"HANNAH-600-3","https://res.cloudinary.com/dkj6th63j/image/upload/v1774323451/birefnet-general-lite/gap/HANNAH-600-3.jpg","","image","jpg","","birefnet-general-lite/gap/HANNAH-600-3","421dc60d7f979b8d5ff6ef41eb007256","HANNAH-600-3","upload","2026-03-24T03:37:31Z"
"DAYNA-015-4","https://res.cloudinary.com/dkj6th63j/image/upload/v1774323442/birefnet-general-lite/gap/DAYNA-015-4.jpg","","image","jpg","","birefnet-general-lite/gap/DAYNA-015-4","8048f18416c30f687e8041988d5f29cb","DAYNA-015-4","upload","2026-03-24T03:37:22Z"
"ELVIE-015-3","https://res.cloudinary.com/dkj6th63j/image/upload/v1774323433/birefnet-general-lite/gap/ELVIE-015-3.jpg","","image","jpg","","birefnet-general-lite/gap/ELVIE-015-3","73cc6fa1f281c3f73f493d99e154e696","ELVIE-015-3","upload","2026-03-24T03:37:13Z"
"SUNNIE-234-7","https://res.cloudinary.com/dkj6th63j/image/upload/v1774323491/birefnet-general-lite/gap/SUNNIE-234-7.jpg","","image","jpg","","birefnet-general-lite/gap/SUNNIE-234-7","9a84813465b8f1951d71482b5350a1aa","SUNNIE-234-7","upload","2026-03-24T03:38:11Z"
"SMITH-001-6","https://res.cloudinary.com/dkj6th63j/image/upload/v1774323487/birefnet-general-lite/gap/SMITH-001-6.jpg","","image","jpg","","birefnet-general-lite/gap/SMITH-001-6","353528b3c481ea7b3d29e411bc085995","SMITH-001-6","upload","2026-03-24T03:38:07Z"
"PERCY-903-1","https://res.cloudinary.com/dkj6th63j/image/upload/v1774323481/birefnet-general-lite/gap/PERCY-903-1.jpg","","image","jpg","","birefnet-general-lite/gap/PERCY-903-1","fe82637e4608df5648e7c989f3f4e16a","PERCY-903-1","upload","2026-03-24T03:38:01Z"
"HANNAH-189-2","https://res.cloudinary.com/dkj6th63j/image/upload/v1774323479/birefnet-general-lite/gap/HANNAH-189-2.jpg","","image","jpg","","birefnet-general-lite/gap/HANNAH-189-2","6088d6b4fd728d960a0c31d584da9db4","HANNAH-189-2","upload","2026-03-24T03:37:59Z"
"MISSION-929-3","https://res.cloudinary.com/dkj6th63j/image/upload/v1774323477/birefnet-general-lite/gap/MISSION-929-3.jpg","","image","jpg","","birefnet-general-lite/gap/MISSION-929-3","17624ea7d716dac002873298c39766ba","MISSION-929-3","upload","2026-03-24T03:37:57Z"
"KERRY-001-7","https://res.cloudinary.com/dkj6th63j/image/upload/v1774323475/birefnet-general-lite/gap/KERRY-001-7.jpg","","image","jpg","","birefnet-general-lite/gap/KERRY-001-7","a21582ea3048886b7ee9c36ca9f105ab","KERRY-001-7","upload","2026-03-24T03:37:55Z"
"MARTA-625-5","https://res.cloudinary.com/dkj6th63j/image/upload/v1774323447/birefnet-general-lite/gap/MARTA-625-5.jpg","","image","jpg","","birefnet-general-lite/gap/MARTA-625-5","6279198b915f5c122beb01793a2ba477","MARTA-625-5","upload","2026-03-24T03:37:27Z"
"ARLO-902-1","https://res.cloudinary.com/dkj6th63j/image/upload/v1774323446/birefnet-general-lite/gap/ARLO-902-1.jpg","","image","jpg","","birefnet-general-lite/gap/ARLO-902-1","bc72412447d7fd8f29d13e28a705ee5d","ARLO-902-1","upload","2026-03-24T03:37:26Z"
"PERCY-903-1_1","https://res.cloudinary.com/dkj6th63j/image/upload/v1774323444/birefnet-general-lite/gap/PERCY-903-1_1.jpg","","image","jpg","","birefnet-general-lite/gap/PERCY-903-1_1","6bbe5774e2ba5674d6b6a4c4a474a687","PERCY-903-1_1","upload","2026-03-24T03:37:24Z"
"MIRAGE-902-7","https://res.cloudinary.com/dkj6th63j/image/upload/v1774323439/birefnet-general-lite/gap/MIRAGE-902-7.jpg","","image","jpg","","birefnet-general-lite/gap/MIRAGE-902-7","078bf30fd6315c0e2427543c6a9e9253","MIRAGE-902-7","upload","2026-03-24T03:37:19Z"
"HANNAH-600-5","https://res.cloudinary.com/dkj6th63j/image/upload/v1774323418/birefnet-general-lite/gap/HANNAH-600-5.jpg","","image","jpg","","birefnet-general-lite/gap/HANNAH-600-5","feaddd591e50df47ec3505aeed2f1635","HANNAH-600-5","upload","2026-03-24T03:36:58Z"
"MEG-403-6","https://res.cloudinary.com/dkj6th63j/image/upload/v1774323408/birefnet-general-lite/gap/MEG-403-6.jpg","","image","jpg","","birefnet-general-lite/gap/MEG-403-6","2fc9fcb566c45fe2d446635024147f5b","MEG-403-6","upload","2026-03-24T03:36:48Z"
"HANNAH-929-4","https://res.cloudinary.com/dkj6th63j/image/upload/v1774323401/birefnet-general-lite/gap/HANNAH-929-4.jpg","","image","jpg","","birefnet-general-lite/gap/HANNAH-929-4","50a8e4b41f716ef461b1c15d48274384","HANNAH-929-4","upload","2026-03-24T03:36:41Z"
"ELVIE-103-1","https://res.cloudinary.com/dkj6th63j/image/upload/v1774323495/birefnet-general-lite/gap/ELVIE-103-1.jpg","","image","jpg","","birefnet-general-lite/gap/ELVIE-103-1","d58f3a267efb0ba8dfdd2954a9206566","ELVIE-103-1","upload","2026-03-24T03:38:15Z"
"FIORA-103-1","https://res.cloudinary.com/dkj6th63j/image/upload/v1774323495/birefnet-general-lite/gap/FIORA-103-1.jpg","","image","jpg","","birefnet-general-lite/gap/FIORA-103-1","a07749ab52b105fd3991703cd2b107d8","FIORA-103-1","upload","2026-03-24T03:38:15Z"
"HANNAH-189-7","https://res.cloudinary.com/dkj6th63j/image/upload/v1774323485/birefnet-general-lite/gap/HANNAH-189-7.jpg","","image","jpg","","birefnet-general-lite/gap/HANNAH-189-7","c6575dcac168c2817b3f2ac6dc49d61d","HANNAH-189-7","upload","2026-03-24T03:38:05Z"
"ARDEN-518-3","https://res.cloudinary.com/dkj6th63j/image/upload/v1774323483/birefnet-general-lite/gap/ARDEN-518-3.jpg","","image","jpg","","birefnet-general-lite/gap/ARDEN-518-3","6b9bc33885fdf2356427f2f08410ed97","ARDEN-518-3","upload","2026-03-24T03:38:03Z"
"PORTER-015-7","https://res.cloudinary.com/dkj6th63j/image/upload/v1774323482/birefnet-general-lite/gap/PORTER-015-7.jpg","","image","jpg","","birefnet-general-lite/gap/PORTER-015-7","36fa8a3909a07b878d5204123709c664","PORTER-015-7","upload","2026-03-24T03:38:02Z"
"PERCY-903-5","https://res.cloudinary.com/dkj6th63j/image/upload/v1774323482/birefnet-general-lite/gap/PERCY-903-5.jpg","","image","jpg","","birefnet-general-lite/gap/PERCY-903-5","8dcc06ff0c05626936b004e99a3e058c","PERCY-903-5","upload","2026-03-24T03:38:02Z"
"KIRA-001-3","https://res.cloudinary.com/dkj6th63j/image/upload/v1774323472/birefnet-general-lite/gap/KIRA-001-3.jpg","","image","jpg","","birefnet-general-lite/gap/KIRA-001-3","7790c1dd4ce463fccd37b2f8e5057ad7","KIRA-001-3","upload","2026-03-24T03:37:52Z"
"SMITH-790-7","https://res.cloudinary.com/dkj6th63j/image/upload/v1774323471/birefnet-general-lite/gap/SMITH-790-7.jpg","","image","jpg","","birefnet-general-lite/gap/SMITH-790-7","613eab6d6b9922d6f85b49faa2028333","SMITH-790-7","upload","2026-03-24T03:37:51Z"
"HANNAH-600-2","https://res.cloudinary.com/dkj6th63j/image/upload/v1774323468/birefnet-general-lite/gap/HANNAH-600-2.jpg","","image","jpg","","birefnet-general-lite/gap/HANNAH-600-2","d50d57ebf376f5252cfe0691270e61c0","HANNAH-600-2","upload","2026-03-24T03:37:48Z"
"ARDEN-015-3","https://res.cloudinary.com/dkj6th63j/image/upload/v1774323452/birefnet-general-lite/gap/ARDEN-015-3.jpg","","image","jpg","","birefnet-general-lite/gap/ARDEN-015-3","33cd3d12e5a859d4cea7b6acdae7ad73","ARDEN-015-3","upload","2026-03-24T03:37:32Z"
"MARGO-203-7","https://res.cloudinary.com/dkj6th63j/image/upload/v1774323444/birefnet-general-lite/gap/MARGO-203-7.jpg","","image","jpg","","birefnet-general-lite/gap/MARGO-203-7","e8ab196579c2f895e0baa98026fe34f2","MARGO-203-7","upload","2026-03-24T03:37:24Z"
"PERCY-233-1_1","https://res.cloudinary.com/dkj6th63j/image/upload/v1774323439/birefnet-general-lite/gap/PERCY-233-1_1.jpg","","image","jpg","","birefnet-general-lite/gap/PERCY-233-1_1","37d33d70fd9f8c5a8928dd1fdf828850","PERCY-233-1_1","upload","2026-03-24T03:37:19Z"
"MALLORCA-728-2","https://res.cloudinary.com/dkj6th63j/image/upload/v1774323433/birefnet-general-lite/gap/MALLORCA-728-2.jpg","","image","jpg","","birefnet-general-lite/gap/MALLORCA-728-2","65767de9af973215d0842228a985b5dc","MALLORCA-728-2","upload","2026-03-24T03:37:13Z"
"FIORA-232-4","https://res.cloudinary.com/dkj6th63j/image/upload/v1774323431/birefnet-general-lite/gap/FIORA-232-4.jpg","","image","jpg","","birefnet-general-lite/gap/FIORA-232-4","b519940a00a738fa4e82603ae0a07b31","FIORA-232-4","upload","2026-03-24T03:37:11Z"
"KIRA-124-5","https://res.cloudinary.com/dkj6th63j/image/upload/v1774323413/birefnet-general-lite/gap/KIRA-124-5.jpg","","image","jpg","","birefnet-general-lite/gap/KIRA-124-5","5e4e1814cf52e10e1d4a11f48198ad39","KIRA-124-5","upload","2026-03-24T03:36:53Z"
"FERNANDO-319-1","https://res.cloudinary.com/dkj6th63j/image/upload/v1774323498/birefnet-general-lite/gap/FERNANDO-319-1.jpg","","image","jpg","","birefnet-general-lite/gap/FERNANDO-319-1","03fabda9dc09d36e674146a2d04433ee","FERNANDO-319-1","upload","2026-03-24T03:38:18Z"
"DAYNA-715-1","https://res.cloudinary.com/dkj6th63j/image/upload/v1774323496/birefnet-general-lite/gap/DAYNA-715-1.jpg","","image","jpg","","birefnet-general-lite/gap/DAYNA-715-1","cfcd2f5ef05a07d38b67b537321efebc","DAYNA-715-1","upload","2026-03-24T03:38:16Z"
"DAYNA-103-3","https://res.cloudinary.com/dkj6th63j/image/upload/v1774323494/birefnet-general-lite/gap/DAYNA-103-3.jpg","","image","jpg","","birefnet-general-lite/gap/DAYNA-103-3","8b136cd992cf96a7d35a0a2ed68dfa01","DAYNA-103-3","upload","2026-03-24T03:38:14Z"
"FIORA-728-2","https://res.cloudinary.com/dkj6th63j/image/upload/v1774323493/birefnet-general-lite/gap/FIORA-728-2.jpg","","image","jpg","","birefnet-general-lite/gap/FIORA-728-2","b983c6f66db914610a9214c8f9784019","FIORA-728-2","upload","2026-03-24T03:38:13Z"
"MISSION-219-2","https://res.cloudinary.com/dkj6th63j/image/upload/v1774323492/birefnet-general-lite/gap/MISSION-219-2.jpg","","image","jpg","","birefnet-general-lite/gap/MISSION-219-2","ada29f548fc4897a40b1222cf7a34769","MISSION-219-2","upload","2026-03-24T03:38:12Z"
"KIRA-001-7","https://res.cloudinary.com/dkj6th63j/image/upload/v1774323489/birefnet-general-lite/gap/KIRA-001-7.jpg","","image","jpg","","birefnet-general-lite/gap/KIRA-001-7","4f0ac03f26765a37ab057c8db72ac408","KIRA-001-7","upload","2026-03-24T03:38:09Z"
"KERRY-001-3","https://res.cloudinary.com/dkj6th63j/image/upload/v1774323488/birefnet-general-lite/gap/KERRY-001-3.jpg","","image","jpg","","birefnet-general-lite/gap/KERRY-001-3","4ed2a83faa116711ac699e8db84884da","KERRY-001-3","upload","2026-03-24T03:38:08Z"
"KERRY-001-1","https://res.cloudinary.com/dkj6th63j/image/upload/v1774323485/birefnet-general-lite/gap/KERRY-001-1.jpg","","image","jpg","","birefnet-general-lite/gap/KERRY-001-1","1b679887c5597fb33045a1a21f63f1ff","KERRY-001-1","upload","2026-03-24T03:38:05Z"
"MIRAGE-902-14","https://res.cloudinary.com/dkj6th63j/image/upload/v1774323468/birefnet-general-lite/gap/MIRAGE-902-14.jpg","","image","jpg","","birefnet-general-lite/gap/MIRAGE-902-14","a678abbdbb7cd0d61a1d5c68a2a5c142","MIRAGE-902-14","upload","2026-03-24T03:37:48Z"
"MARTA-625-7","https://res.cloudinary.com/dkj6th63j/image/upload/v1774323459/birefnet-general-lite/gap/MARTA-625-7.jpg","","image","jpg","","birefnet-general-lite/gap/MARTA-625-7","7efcb40bf4df70874250a8bc79379acd","MARTA-625-7","upload","2026-03-24T03:37:39Z"
"MALLORCA-728-7","https://res.cloudinary.com/dkj6th63j/image/upload/v1774323449/birefnet-general-lite/gap/MALLORCA-728-7.jpg","","image","jpg","","birefnet-general-lite/gap/MALLORCA-728-7","dc786ea6bdbd3affc5333dd8fafdf358","MALLORCA-728-7","upload","2026-03-24T03:37:29Z"
"KIRA-124-2","https://res.cloudinary.com/dkj6th63j/image/upload/v1774323439/birefnet-general-lite/gap/KIRA-124-2.jpg","","image","jpg","","birefnet-general-lite/gap/KIRA-124-2","01c085cac7eea62368d680027dfceadb","KIRA-124-2","upload","2026-03-24T03:37:19Z"
"ARDEN-015-4","https://res.cloudinary.com/dkj6th63j/image/upload/v1774323437/birefnet-general-lite/gap/ARDEN-015-4.jpg","","image","jpg","","birefnet-general-lite/gap/ARDEN-015-4","379023db4c8df71139ffeeb7fc4af11b","ARDEN-015-4","upload","2026-03-24T03:37:17Z"
"MARTA-625-1","https://res.cloudinary.com/dkj6th63j/image/upload/v1774323421/birefnet-general-lite/gap/MARTA-625-1.jpg","","image","jpg","","birefnet-general-lite/gap/MARTA-625-1","8866a277d950eccdb685e890675af038","MARTA-625-1","upload","2026-03-24T03:37:01Z"
"HANNAH-600-7","https://res.cloudinary.com/dkj6th63j/image/upload/v1774323414/birefnet-general-lite/gap/HANNAH-600-7.jpg","","image","jpg","","birefnet-general-lite/gap/HANNAH-600-7","6a8b7c92ef522151ff8a5915ce9c87ce","HANNAH-600-7","upload","2026-03-24T03:36:54Z"
"ARDEN-015-6","https://res.cloudinary.com/dkj6th63j/image/upload/v1774323400/birefnet-general-lite/gap/ARDEN-015-6.jpg","","image","jpg","","birefnet-general-lite/gap/ARDEN-015-6","1b07003ac797f734ef0eae0cd00c8625","ARDEN-015-6","upload","2026-03-24T03:36:40Z"
"ARDEN-302-3","https://res.cloudinary.com/dkj6th63j/image/upload/v1774323497/birefnet-general-lite/gap/ARDEN-302-3.jpg","","image","jpg","","birefnet-general-lite/gap/ARDEN-302-3","e163a98cf9418f4ae44835dcbe0cb2d6","ARDEN-302-3","upload","2026-03-24T03:38:17Z"
"LIDO-001-6","https://res.cloudinary.com/dkj6th63j/image/upload/v1774323494/birefnet-general-lite/gap/LIDO-001-6.jpg","","image","jpg","","birefnet-general-lite/gap/LIDO-001-6","ff6cd90a1f81624fd01b5c7d128e9ba4","LIDO-001-6","upload","2026-03-24T03:38:14Z"
"ARDEN-302-2","https://res.cloudinary.com/dkj6th63j/image/upload/v1774323494/birefnet-general-lite/gap/ARDEN-302-2.jpg","","image","jpg","","birefnet-general-lite/gap/ARDEN-302-2","23ebbfb383d85a1b60d11e0a41ce61d9","ARDEN-302-2","upload","2026-03-24T03:38:14Z"
"SMITH-790-2","https://res.cloudinary.com/dkj6th63j/image/upload/v1774323488/birefnet-general-lite/gap/SMITH-790-2.jpg","","image","jpg","","birefnet-general-lite/gap/SMITH-790-2","a804bb4fe5e1322c61c23dd36ac4932e","SMITH-790-2","upload","2026-03-24T03:38:08Z"
"HANNAH-189-5","https://res.cloudinary.com/dkj6th63j/image/upload/v1774323489/birefnet-general-lite/gap/HANNAH-189-5.jpg","","image","jpg","","birefnet-general-lite/gap/HANNAH-189-5","0647d96480aca89143db8a5a6fc0b83b","HANNAH-189-5","upload","2026-03-24T03:38:09Z"
"PERCY-903-6","https://res.cloudinary.com/dkj6th63j/image/upload/v1774323487/birefnet-general-lite/gap/PERCY-903-6.jpg","","image","jpg","","birefnet-general-lite/gap/PERCY-903-6","ba65d78cc93a1a59b956cd2fb20f0741","PERCY-903-6","upload","2026-03-24T03:38:07Z"
"MISSION-929-7","https://res.cloudinary.com/dkj6th63j/image/upload/v1774323486/birefnet-general-lite/gap/MISSION-929-7.jpg","","image","jpg","","birefnet-general-lite/gap/MISSION-929-7","b4a8ba05f09df45d249f8b8606167727","MISSION-929-7","upload","2026-03-24T03:38:06Z"
"ELIANA-001-6","https://res.cloudinary.com/dkj6th63j/image/upload/v1774323484/birefnet-general-lite/gap/ELIANA-001-6.jpg","","image","jpg","","birefnet-general-lite/gap/ELIANA-001-6","f3b0734332d031704f61f121a10a7fd3","ELIANA-001-6","upload","2026-03-24T03:38:04Z"
"HANNAH-189-6","https://res.cloudinary.com/dkj6th63j/image/upload/v1774323483/birefnet-general-lite/gap/HANNAH-189-6.jpg","","image","jpg","","birefnet-general-lite/gap/HANNAH-189-6","4b4b81ba0336e6839f34ca9ac4b872f0","HANNAH-189-6","upload","2026-03-24T03:38:03Z"
"SMITH-790-4","https://res.cloudinary.com/dkj6th63j/image/upload/v1774323478/birefnet-general-lite/gap/SMITH-790-4.jpg","","image","jpg","","birefnet-general-lite/gap/SMITH-790-4","9be027e3b85e50cb3da8c97ca2cdcbfa","SMITH-790-4","upload","2026-03-24T03:37:58Z"
"PORTER-015-2","https://res.cloudinary.com/dkj6th63j/image/upload/v1774323476/birefnet-general-lite/gap/PORTER-015-2.jpg","","image","jpg","","birefnet-general-lite/gap/PORTER-015-2","ebd5f49c31ab0bfbf24acc58c537bb6e","PORTER-015-2","upload","2026-03-24T03:37:56Z"
"SMITH-001-2","https://res.cloudinary.com/dkj6th63j/image/upload/v1774323476/birefnet-general-lite/gap/SMITH-001-2.jpg","","image","jpg","","birefnet-general-lite/gap/SMITH-001-2","eabb0ef9d3c9bae91a684051f400b21b","SMITH-001-2","upload","2026-03-24T03:37:56Z"
"ARDEN-518-4","https://res.cloudinary.com/dkj6th63j/image/upload/v1774323475/birefnet-general-lite/gap/ARDEN-518-4.jpg","","image","jpg","","birefnet-general-lite/gap/ARDEN-518-4","78e8f16c696da9b5f8ccc9a5cd603163","ARDEN-518-4","upload","2026-03-24T03:37:55Z"
"KIRA-001-2","https://res.cloudinary.com/dkj6th63j/image/upload/v1774323474/birefnet-general-lite/gap/KIRA-001-2.jpg","","image","jpg","","birefnet-general-lite/gap/KIRA-001-2","5d470647d5aca81850657d06ac6d32ad","KIRA-001-2","upload","2026-03-24T03:37:54Z"
"FERNANDO-232-4","https://res.cloudinary.com/dkj6th63j/image/upload/v1774323461/birefnet-general-lite/gap/FERNANDO-232-4.jpg","","image","jpg","","birefnet-general-lite/gap/FERNANDO-232-4","48b075a19a5d4e86d0f2bad789153f56","FERNANDO-232-4","upload","2026-03-24T03:37:41Z"
"ELIANA-145-1","https://res.cloudinary.com/dkj6th63j/image/upload/v1774323448/birefnet-general-lite/gap/ELIANA-145-1.jpg","","image","jpg","","birefnet-general-lite/gap/ELIANA-145-1","715e102755e200d69a0b3d79a094e93c","ELIANA-145-1","upload","2026-03-24T03:37:28Z"
"MIRAGE-902-3","https://res.cloudinary.com/dkj6th63j/image/upload/v1774323436/birefnet-general-lite/gap/MIRAGE-902-3.jpg","","image","jpg","","birefnet-general-lite/gap/MIRAGE-902-3","8e969154c1627b6fb99ded59c2635a64","MIRAGE-902-3","upload","2026-03-24T03:37:16Z"
"ELIANA-145-4","https://res.cloudinary.com/dkj6th63j/image/upload/v1774323434/birefnet-general-lite/gap/ELIANA-145-4.jpg","","image","jpg","","birefnet-general-lite/gap/ELIANA-145-4","f7866d9cd279397133e63b658e868bc9","ELIANA-145-4","upload","2026-03-24T03:37:14Z"
"MIRAGE-902-1","https://res.cloudinary.com/dkj6th63j/image/upload/v1774323400/birefnet-general-lite/gap/MIRAGE-902-1.jpg","","image","jpg","","birefnet-general-lite/gap/MIRAGE-902-1","a1ccfc3104ff009e40b49d1e709ab399","MIRAGE-902-1","upload","2026-03-24T03:36:40Z"